{
    "faces":[43,0,1,3,2,0,0,1,1,2,0,0,0,0,43,2,3,7,6,0,2,1,3,4,1,1,1,1,43,6,7,5,4,0,4,3,3,5,2,2,2,2,43,1,0,4,5,0,1,0,5,3,3,3,3,3,43,4,0,2,6,0,5,0,2,4,4,4,4,4,43,7,3,25,27,0,3,1,6,7,5,5,5,5,43,8,9,11,10,0,8,8,9,9,0,0,0,0,43,16,19,15,14,0,10,10,11,11,6,6,6,6,43,14,15,13,12,0,11,11,12,12,2,2,2,2,43,20,23,9,8,0,13,13,8,8,7,7,7,7,43,16,14,12,21,0,10,11,12,14,8,8,8,8,43,18,11,9,23,0,15,9,8,13,9,9,9,9,43,15,19,22,13,0,11,10,14,12,10,10,10,10,43,19,18,23,22,0,10,15,13,14,11,11,11,11,43,10,17,20,8,0,9,15,13,8,12,12,12,12,43,17,16,21,20,0,15,10,14,13,13,13,13,13,43,12,13,22,21,0,12,12,14,14,14,14,14,14,43,21,22,23,20,0,14,14,13,13,15,15,15,15,43,10,11,18,17,0,9,9,15,15,16,16,16,16,43,17,18,19,16,0,15,15,10,10,17,17,17,17,43,27,25,24,26,0,7,6,6,7,18,18,18,18,43,5,7,27,26,0,3,3,7,7,19,19,19,19,43,3,1,24,25,0,1,1,6,6,20,20,20,20,43,1,5,26,24,0,1,3,7,6,21,21,21,21],
    "uvs":[[0.49205,0.0576838,0.49205,0.395177,0.49205,0.0576837,0.92398,0.395177,0.92398,0.0576837,0.92398,0.0576838,0.66827,0.573765,0.74776,0.573765,0.0787604,0.480762,0.0787604,0.924616,0.309561,0.924616,0.510037,0.924616,0.510037,0.480762,0.279236,0.480762,0.309561,0.480762,0.279236,0.924616]],
    "vertices":[-1,-0.00407785,1.4883,-1,1.55864,1.4883,-1,-0.00407798,-1.4883,-1,1.55864,-1.4883,1,-0.00407785,1.4883,1,1.55864,1.4883,1,-0.00407798,-1.4883,1,1.55864,-1.4883,-1.56508,0.817142,1.61072,-1.56508,1.13258,1.61072,-1.56508,0.817142,-1.61072,-1.56508,1.13258,-1.61072,1.56508,0.817142,1.61072,1.56508,1.13258,1.61072,1.56508,0.817142,-1.61072,1.56508,1.13258,-1.61072,0.110047,2.24389,-1.61072,-0.110047,2.24389,-1.61072,-0.110047,2.55933,-1.61072,0.110047,2.55933,-1.61072,-0.110047,2.24389,1.61072,0.110047,2.24389,1.61072,0.110047,2.55933,1.61072,-0.110047,2.55933,1.61072,-0.184036,2.38557,1.4883,-0.184036,2.38557,-1.4883,0.184036,2.38557,1.4883,0.184036,2.38557,-1.4883],
    "normals":[-1,0,0,0,-7.62832e-08,-1,1,0,0,0,7.62832e-08,1,0,-1,4.38034e-08,0,-0,-1,8.19289e-08,0,-1,8.19289e-08,0,1,-0.700133,-0.714012,0,-0.700133,0.714012,-1.8159e-08,0.700133,0.714012,-1.8159e-08,0,1,0,0.700133,-0.714012,0,0,-1,-0,-8.19289e-08,0,1,-0,0,1,-8.19289e-08,0,-1,-0,0,-1,0,1,0,0.71181,0.702372,-2.58551e-08,-0.71181,0.702372,-2.58551e-08,0,0,1],
    "materials":[{
        "blending":"NormalBlending",
        "mapDiffuseWrap":["RepeatWrapping","RepeatWrapping"],
        "DbgName":"Material.001",
        "colorDiffuse":[0.64,0.64,0.64],
        "opacity":1,
        "depthWrite":true,
        "colorSpecular":[0.5,0.5,0.5],
        "DbgColor":15658734,
        "transparent":false,
        "shading":"phong",
        "visible":true,
        "colorEmissive":[0,0,0],
        "mapDiffuse":"House_color.png",
        "depthTest":true,
        "mapDiffuseAnisotropy":1,
        "DbgIndex":0,
        "mapDiffuseRepeat":[1,1],
        "wireframe":false,
        "specularCoef":50
    }],
    "metadata":{
        "version":3,
        "normals":22,
        "faces":24,
        "uvs":1,
        "type":"Geometry",
        "vertices":28,
        "generator":"io_three",
        "materials":1
    }
}