{
    "vertices":[-0.741324,0.477752,0.317079,0.755409,0.477752,0.317079,-0.741324,-0.405767,-0.189283,0.755409,-0.405767,-0.189283,-0.741324,0.256601,-0.404091,0.755409,0.256601,-0.404091,-0.741324,-0.249761,0.479427,0.755409,-0.249761,0.479427,-0.748366,-0.597115,0.0506573,0.748366,-0.597115,0.0506573,-0.748366,0.421221,0.0506574,0.748366,0.421221,0.0506574,-0.748366,1.49012e-08,0.597115,0.748366,1.49012e-08,0.597115,-0.748366,1.49012e-08,-0.421221,0.748366,1.49012e-08,-0.421221],
    "metadata":{
        "vertices":16,
        "faces":4,
        "generator":"io_three",
        "version":3,
        "type":"Geometry",
        "materials":1,
        "normals":4,
        "uvs":1
    },
    "materials":[{
        "DbgColor":15658734,
        "depthWrite":true,
        "shading":"lambert",
        "colorEmissive":[0.8,0.677922,0.380034],
        "mapDiffuseWrap":["RepeatWrapping","RepeatWrapping"],
        "DbgIndex":0,
        "mapDiffuse":"muzzle-flash.png",
        "opacity":1,
        "doubleSided":false,
        "DbgName":"Material.001",
        "colorDiffuse":[0.8,0.677922,0.380034],
        "transparent":true,
        "depthTest":true,
        "visible":true,
        "mapDiffuseRepeat":[1,1],
        "blending":"NormalBlending",
        "wireframe":false,
        "mapDiffuseAnisotropy":1
    }],
    "normals":[0,0.497244,-0.86761,0,-0.86761,-0.497244,0,-7.31643e-08,1,0,1,-0],
    "faces":[43,0,1,3,2,0,0,1,2,3,0,0,0,0,43,4,5,7,6,0,0,1,2,3,1,1,1,1,43,8,9,11,10,0,0,1,2,3,2,2,2,2,43,12,13,15,14,0,0,1,2,3,3,3,3,3],
    "uvs":[[0.125082,0.139666,0.918667,0.139666,0.918668,0.819926,0.125083,0.819926]]
}
