{
    "faces":[43,0,1,3,2,0,0,1,1,0,0,0,0,0,43,2,3,7,6,0,0,1,2,3,1,1,1,1,43,6,7,5,4,0,3,2,2,3,2,2,2,2,43,1,0,4,5,0,1,0,3,2,3,3,3,3,43,4,0,2,6,0,3,0,0,3,4,4,4,4,43,3,1,8,9,0,1,1,4,4,5,5,5,5,43,11,9,8,10,0,5,4,4,5,6,6,6,6,43,1,5,10,8,0,1,2,5,4,7,7,7,7,43,7,3,9,11,0,2,1,4,5,8,8,8,8,43,10,5,12,14,0,5,2,6,7,9,9,9,9,43,12,13,15,14,0,8,9,10,11,10,10,10,10,43,11,10,14,15,0,5,5,7,7,11,11,11,11,43,5,7,13,12,0,2,2,6,6,12,12,12,12,43,7,11,15,13,0,2,5,7,6,13,13,13,13,43,16,17,19,18,0,12,13,13,12,14,14,14,14,43,18,19,23,22,0,12,13,14,15,8,8,8,8,43,22,23,21,20,0,15,14,14,15,15,15,15,15,43,20,21,17,16,0,15,14,13,12,16,16,16,16,43,22,20,26,27,0,15,15,16,17,17,17,17,17,43,23,19,17,21,0,14,13,13,14,18,18,18,18,43,27,26,30,31,0,17,16,18,18,19,19,19,19,43,20,16,24,26,0,15,12,19,16,20,20,20,20,43,18,22,27,25,0,12,15,17,19,21,21,21,21,43,16,18,25,24,0,12,12,19,19,22,22,22,22,43,29,31,30,28,0,20,18,18,20,23,23,23,23,43,24,25,29,28,0,19,19,20,20,24,24,24,24,43,26,24,28,30,0,16,19,20,18,25,25,25,25,43,25,27,31,29,0,19,17,18,20,26,26,26,26],
    "uvs":[[0.235494,0.0849807,0.113111,0.404903,0.322368,0.484952,0.444751,0.16503,0.0405223,0.594656,0.249779,0.674706,0.965927,0.73114,0.893339,0.920894,0.741908,0.0614191,0.947112,0.0614191,0.947112,0.395616,0.741908,0.395616,0.43531,0.497632,0.410373,0.56282,0.475561,0.587758,0.500499,0.522569,0.479207,0.422366,0.479207,0.422366,0.359051,0.360147,0.421896,0.462202,0.333129,0.42495]],
    "materials":[{
        "depthTest":true,
        "colorDiffuse":[0.8,0.8,0.8],
        "transparent":false,
        "wireframe":false,
        "mapDiffuse":"Pistol_Color.png",
        "DbgColor":15658734,
        "shading":"phong",
        "blending":"NormalBlending",
        "DbgName":"Material.001",
        "visible":true,
        "colorEmissive":[0,0,0],
        "depthWrite":true,
        "mapDiffuseWrap":["RepeatWrapping","RepeatWrapping"],
        "DbgIndex":0,
        "specularCoef":1,
        "colorSpecular":[0.0211268,0.0211268,0.0211268],
        "mapDiffuseRepeat":[1,1],
        "opacity":1,
        "mapDiffuseAnisotropy":1
    }],
    "normals":[-1,-0,0,0,1,3.68315e-08,1,-0,0,0,-1,4.37374e-08,0,-0,-1,-1,0,-0,0,-0,1,0,-1,4.36622e-08,0,1,0,0,-1,4.36622e-08,1,0,0,0,0,1,-0,0,-1,0,1,0,-1,-0,0,1,-0,0,0,-1,0,0.839334,-2.33421e-08,-0.543615,0,9.03777e-08,1,0.112199,-7.95238e-08,-0.993686,9.4575e-08,-1,-9.45286e-08,-4.16778e-08,1,1.3989e-07,-0.746978,-3.15591e-08,0.664849,-0.999885,-8.67197e-08,-0.0151484,-0.031966,-3.52405e-07,0.999489,5.72122e-08,-1,-2.04574e-07,-1.44852e-07,1,1.02603e-07],
    "vertices":[-0.130038,0.00197141,-0.347759,-0.130038,0.00197143,0.0568173,-0.130038,0.149315,-0.347759,-0.130038,0.149315,0.0568173,0.13459,0.00197141,-0.347759,0.13459,0.00197143,0.0568173,0.13459,0.149315,-0.347759,0.13459,0.149315,0.0568173,-0.130038,0.00197144,0.296782,-0.130038,0.149315,0.296782,0.13459,0.00197144,0.296782,0.13459,0.149315,0.296782,0.948443,0.00197143,0.0568173,0.948443,0.149315,0.0568173,0.948443,0.00197144,0.296782,0.948443,0.149315,0.296782,0.264536,0.0344242,0.0231424,0.264536,0.0344242,0.105581,0.264536,0.116862,0.0231424,0.264536,0.116862,0.105581,0.346974,0.0344242,0.0231424,0.346974,0.0344242,0.105581,0.346974,0.116862,0.0231424,0.346974,0.116862,0.105581,0.234787,0.0344242,-0.0102821,0.234787,0.116862,-0.010282,0.281199,0.0344242,-0.078414,0.281199,0.116862,-0.078414,0.121141,0.0344242,-0.0139167,0.121141,0.116862,-0.0139167,0.12239,0.0344242,-0.0963455,0.12239,0.116862,-0.0963455],
    "metadata":{
        "faces":28,
        "uvs":1,
        "type":"Geometry",
        "materials":1,
        "generator":"io_three",
        "normals":27,
        "vertices":32,
        "version":3
    }
}